Words,Frequency
Because,1
a,64
slice,1
of,43
spanakopita,1
is,37
cheaper,1
than,2
Greek,1
holiday,1
,551
Link,9
in,41
bio,15
Hold,1
onto,1
summer,1
for,32
as,7
long,1
you,38
can,23
They're,1
out,14
there,3
somewhere,1
Do,2
eat,2
like,9
millennial,1
or,13
boomer?,1
Who's,1
hungry??,1
From,4
tried,1
and,63
true,1
favorites,1
to,73
new,1
items,2
here's,1
what,6
you'll,1
want,3
try,4
this,20
season,2
Creamy,1
pastas,1
big,1
batch,1
soups,3
the,85
best,3
desserts,1
year,1
Froot,1
food,14
These,1
deliver,1
on,20
taste,9
*and*,1
nutrition,1
Rich,1
flavorful,1
cheesy,1
chicken,2
pasta,1
comes,1
together,2
perfectly,1
with,48
our,13
Fiery,1
Spice,1
packet!,1
Never,1
bland,1
meal,1
again,1
Tasty,1
seasoning,1
mixes,1
by,8
clicking,1
link,7
bio!,1
Insider,9
asked,1
Michelin,1
starred,1
chefs,2
share,1
their,4
favorite,3
grilling,1
recipes,5
along,7
tips,1
easily,3
re,5
create,2
them,4
Click,5
read,2
how,6
they,2
make,4
these,9
dishes,2
Credit,5
Getty,2
Images,2
#michelinstar,1
#chefrecipes,1
#recipes,3
#grilling,1
How,4
Every,2
Common,1
Mistake,1
Changes,1
A,5
Cookie,1
It,7
s,18
harder,1
achieve,2
perfect,1
chocolate,2
chip,2
cookie,4
might,1
think,1
too,3
much,6
butter,1
not,7
enough,2
flour,1
confusing,1
baking,2
soda,1
powder,3
@lisaparadise,1
made,5
11,1
batches,1
dough,1
every,1
single,1
common,1
mistake,1
find,2
each,3
one,9
affects,1
your,24
final,1
bake,1
#cookies,2
#baking,1
#cookierecipe,1
#dessert,1
#homebaking,1
The,7
California,2
Roll,3
Was,3
Invented,1
Legendary,1
Eats,1
roll,3
most,3
popular,2
Japanese,1
American,1
we,12
know,2
love,12
today,2
While,1
history,1
origin,1
are,16
controversial,1
it,25
commonly,1
credited,1
sushi,2
chef,3
Hidekazu,1
Tojo,2
We,9
visit,1
his,5
restaurant,3
@tojos_restaurant,1
Vancouver,1
British,1
Columbia,1
hear,1
story,1
@rinnny_,1
tries,1
version,1
dish,1
called,1
Editor,1
Note,1
This,10
video,5
was,4
filmed,1
May,1
2019,1
#sushi,1
#sushitime,1
#californiaroll,1
#tojos,1
Starbucks,1
may,2
be,11
famous,1
its,9
coffee,1
but,8
chain,1
also,5
widely,1
known,2
selection,1
hot,6
breakfast,2
egg,2
sandwiches,1
wraps,1
there's,1
no,2
better,5
place,3
fill,1
up,8
morning,1
when,4
go,4
see,4
item,1
Story,1
Savanna,2
Swain,2
Wilson,2
Eileen,2
Cofre/,2
#Starbucks,1
#eggsandwich,1
#breakfast,2
#food,2
Austrian,1
blogger,1
@vegaliciouslyeva,1
posted,1
TikTok,1
demonstrating,1
turn,2
watermelon,2
into,9
vegan,1
Friedl,1
told,1
she,5
inspired,1
recipe,17
after,5
saw,1
videos,1
people,3
cooking,3
steaks,1
grill,1
more,6
@vegaliciouslyeva/Instagram,1
Vegaliciouslyeva/TikTok,1
Tyler,1
Murphy/Food,1
#vegan,1
#watermelontuna,1
#watermelonmeat,1
Bang,7
Cookies,4
Bakes,1
5,3
000,1
Gooey,1
Chocolate,1
Chip,1
Week,1
@bangcookies,1
small,3
New,4
Jersey,2
business,1
began,1
selling,2
giant,2
organic,2
cookies,3
at,10
farmers,1
markets,1
where,2
drew,1
NSFW,1
original,1
name,2
Me,2
Ever,1
since,1
first,1
day,3
customers,1
have,14
lined,1
all,10
natural,2
ingredients,3
from,6
around,2
world,1
@tarynvee,1
visited,1
why,1
t,7
get,6
gooey,1
#bangcookies,1
#jerseycity,1
#newjersey,1
#gooeycookies,1
There,1
many,4
ways,4
delicious,4
scrambled,2
eggs,1
reporter,1
Paige,2
Bennett,2
tested,1
eight,2
some,17
celebrity,1
fared,1
which,15
landed,1
top,3
#scrambledeggs,1
#chefs,1
#homemade,1
To,4
Season,1
Cast,3
Iron,2
Skillet,2
iron,2
skillets,1
durable,1
versatile,1
pieces,1
cookware,1
Seasoning,1
forms,1
easy,5
release,1
surface,1
helps,1
prevent,1
pan,1
rusting,1
If,2
skillet,2
right,2
way,1
ll,2
set,1
yourself,1
years,3
great,2
cleaning,1
Find,1
products,1
here,3
Knapp,1
Made,1
CM,1
Scrubber®,1
"6""",1
$24,1
99,2
https,9
//amzn,5
to/30JCZqr,1
Lodge,1
Deluxe,1
Silicone,1
Handle,1
Hot,2
Holder,1
$3,1
20,1
to/2ZX4kGE,1
Utopia,1
Dish,2
Towels,2
$18,1
95,1
to/2WQmVlA,1
Spectrum,1
Grapeseed,1
Oil,1
$9,1
41,1
//fave,3
co/3f0PByu,1
S,5
O,1
Scrubber,1
Sponges,1
$20,1
47,1
to/2D6EaZ6,1
Dawn,1
Liquid,1
Soap,1
$4,1
94,1
co/3fXycYX,1
Reynolds,1
Wrap,1
$10,1
49,1
to/2OSy9Sj,1
Bounty,1
Paper,1
$6,1
82,1
note,1
inventory,1
change,1
will,9
continue,1
monitor,1
stock,7
update,1
co/2D6HjrS,1
Our,1
cast,1
Victoria,1
Seasoned,1
"12""",1
Black,2
$29,1
//goto,1
target,1
com/XVV9X,1
sponsored,1
above,1
links,2
affiliate,1
meaning,1
receive,1
portion,1
any,4
sales,1
#castiron,1
#castironsteak,1
#seasoncastiron,1
Queen,2
Elizabeth,1
former,1
Darren,1
McGrady,2
baffled,1
royal,2
fans,1
earlier,1
month,1
he,1
said,1
that,20
Her,1
Majesty,1
never,2
eats,2
pizza,4
Now,2
revealing,1
only,5
foods,1
use,8
knife,1
fork,1
other,3
revelations,1
about,3
family,7
daily,1
diet,1
#QueenElizabeth,1
#royalfamily,1
#UK,1
#pizza,1
#burger,1
Pie,2
&,51
Biscuits,2
Serves,1
Chicago's,2
Favorite,1
@bangbangpie,1
has,5
been,6
serving,3
comfort,2
Logan,1
Square,1
neighborhood,1
gained,1
reputation,1
warm,1
hospitality,1
With,2
pie,2
Chicago,1
often,3
line,1
stretching,1
block,1
In,1
addition,1
sells,1
biscuits,1
grits,1
pot,3
pies,1
#bangbangpie,1
#pies,1
#chicago,1
#biscuit,1
Peri,2
Chicken,1
Popcorn,1
White,1
Citrus,2
Got,2
Real,2
Cocktail,2
I,37
spending,1
time,8
home,7
experiment,1
my,17
kitchen,1
surprise,1
latest,1
culinary,1
inventions,1
Today,2
am,5
chilled,1
@blackandwhite,1
scotch,1
spicy,1
peri,4
popcorn,1
prepped,2
secret,1
masala,1
it's,1
Put,1
cocktail,1
pairing,1
let,1
me,5
reactions,1
comments,1
below,2
#Spon,1
#EatSipShare,1
#PitchersAndPlatters,1
#BlackAndWhiteScotch,1
#DrinkResponsibly,1
Thank,2
overwhelming,2
response,2
sending,2
entries,1
#CookWithATwist,1
challenge,1
hosted,1
@morphyrichardsindia,2
We've,1
come,1
across,2
unique,3
twists,1
could,1
imagined,1
possible,1
Honestly,1
speaking,1
really,4
talented,1
happy,1
entries!,2
difficult,1
choose,1
winners,3
so,2
But,3
alas,1
managed,1
pick,1
3,4
who,2
came,1
craziest,1
twists!,1
You,7
guys,2
blown,1
minds,1
recipes!,1
1,3
@seema_w,1
Whole,1
Wheat,1
Naan,1
Pizza,2
Spinach,1
Walnut,1
Pesto,1
Sauce,1
2,6
@nirajkhapre,1
TORTELLINI,1
ama,1
BASUNDI,1
@1teaspoonlove,1
Beetroot,1
flavour,1
classic,2
Sabudana,1
Khichdi,1
Congratulations,1
guys!!,1
touch,1
you!,1
Thanks,2
lot,3
everyone,1
participated,1
contest,1
such,4
successful,1
competition!,1
Stay,1
inspired!,1
Cheese,1
Garlic,1
Bread,1
Recipe,3
now,11
Facebook,3
YouTube!,2
Check,2
out!!,1
viewers,1
send,1
requests,1
oven,2
garlic,7
bread,3
done,1
another,1
created,1
enjoy,2
bread&,1
very,9
basic,2
do,5
require,2
always,1
innovate&,1
simplify,1
usually,3
spend,9
money,1
special,1
equipment,1
fusion,1
sandwich,1
available,4
Also,1
cook,4
tava,1
super,3
quick,1
kids,1
would,7
well!,1
recipe!!,1
Cheers!!,1
#recipeoftheday,4
#cheese,1
#cheesegarlicbread,1
#garlicbread,1
#pizzalover,1
#pizzatime,1
#foodphotography,1
#mumbaistreetfood,2
#mumbaifood,1
#sanjyotkeer,5
#streetfood,7
Soya,2
Matar,2
Chef,5
@sanjyotkeer,5
#recipe,3
#foodie,4
#indiancuisine,5
#foodiesofinstagram,2
#foodporn,3
#street,1
Tava,1
Anda,1
#comfortfood,2
Veg,2
Manchow,8
Soup,2
For,4
wife,2
believes,2
staple,2
soup,8
grown,2
eating,2
street,2
desi,2
buds,3
normal,4
completely,4
an,4
Indian,2
bud,2
pleaser,2
amazing,5
combination,2
ginger,2
Chilli,4
prep,10
Just,3
few,3
things,3
keep,5
mind,2
while,5
prepping,2
High,2
flame,2
important,2
once,2
saute,1
ed,1
Use,4
vegetable,6
fresh,4
trimmings,2
left,2
cube,2
instead,4
Make,2
sure,4
stick/water,2
adding,3
Add,2
veggies,2
boil,2
don,4
green,2
sauce,2
give,3
flavor,5
white,2
pepper,2
if,4
added,4
aromat,2
replacement,2
MSG,2
add,6
msg,2
needed,2
both,2
prefer,2
using,2
yes,2
msg/aromat,2
does,2
extra,4
magic,3
promoting,2
anything,2
choice,2
Pair,2
fried,4
noodles,3
without,2
incomplete!,2
That,3
it!!,2
simple,2
ready,4
minutes,2
takes,2
10!,2
Enjoy,2
guys!,2
#soup,2
My,5
Restaurant,1
Style,1
YouTube!!!,1
sautéed,1
#souprecipe,1
#monsoon,1
#monsoonseason,1
#yummyyummy,1
#restaurantstyle,1
#healthyfood,1
#mumbaifoodie,1
Capsicum,2
Pakora,2
Chaat,4
Baarish,2
garam,8
pakoras,6
something,2
Whenever,2
rains,2
father,2
tell,2
mom,2
Pakode,2
khaaneka,2
Mann,2
hai,2
immediately,2
mixed,2
Aloo,3
baingan,4
dhoodhi,4
mirchi,4
gobhi,2
pyaaz,2
dad,4
loves,4
aloo,6
Dad,2
tea,2
still,2
remember,2
before,2
joys,2
priceless,2
just,6
wish,2
times,2
crisis,2
lives,2
become,2
quite,2
digital,2
surely,2
should,2
good,3
quality,3
families,2
cherish,2
moments,4
because,2
bought,2
vada,2
pav,2
filling,2
stuffed,2
capsicum,2
coated,2
besan,2
until,2
crisp,2
chutneys,2
raw,2
onion,2
bhujia,2
crunch,2
So,2
rainy,2
evening,4
joyful,2
Cheers!,2
P,3
asking,2
upload,2
mix,2
pakora,2
telling,2
him,8
pakore/bhajiyas,2
showcase,2
guess,2
shoot,2
soon,4
having,2
studio,2
deck,2
<3,2
#indianfood,1
out!,1
#foodography,1
#chaat,1
#foodies,1
Kulcha,1
Served,1
#indiancooking,1
#kulcha,1
#matar,1
Gupta,1
Corner,1
Punjabi,2
Bagh,1
Have,2
Been,1
Place,1
?,2
Tried,1
Tikki,2
Chole,2
Malai,2
Chaap,2
And,6
Gravy,2
Wali,1
Soyachaap,2
Didn't,1
Like,2
Good,1
#dilsefoodie,10
Halwai,1
Wale,1
Cutlet,1
By,2
@chatpati_shikha,1
Tag,1
Vegetarians,1
Try,2
DugDugDug,1
Episode,1
13,2
Bullets,1
Plates,1
Of,1
Poori,1
Collab,1
@foodieriders1,1
Garma,1
Garam,1
Pyaaz,1
Parantha,2
#reelkarofeelkaro,3
Delhi,7
University,1
Ki,1
Famous,1
Chai,1
At,3
Sudama,1
Tea,1
Stall,1
South,2
Wala,2
Sirifort,1
Yaha,1
Aate,1
Hai,1
People,1
Taste,1
6,1
Zayka,1
Anyone,1
Planning,1
Go,1
@bigchillcafe,1
tomorrow,1
Must,1
Spegetti,1
bolognese,1
Later,1
#reelitfeelit,2
Vijay,1
Lucknowi,1
Galouti,1
East,1
Am,1
Missing,1
Tunday,1
Kebabi,1
Aminabad,1
Lucknow,1
Tandoori,1
Raan,1
Laal,1
Maas,1
@cheenikum_bysakshishinh,2
Food,2
Sakshi,1
Inviting,1
Us,1
Full,1
Review,1
Video,1
Coming,1
Evening,1
Pan,2
Asian,2
lovers,1
@moets,2
deliveries,2
got,2
dining,3
experience,7
safety,3
standards,2
hygiene,3
protocols,1
being,1
followed,1
drive,4
Moet's,3
flavourful,1
comforting,1
won't,1
disappointed,1
don't,1
miss,2
this!,1
Drive,2
dine,3
50,2
Defence,2
Colony,2
Market,2
Or,2
call,2
order,3
9999006633,2
011,2
46555777,2
delivery,2
moets,2
com,2
leaving,1
Hey,1
Mumbai,3
Contest,2
Alert!,1
giving,1
lucky,1
chance,1
win,1
awesome,1
Sip,5
Paint,5
Kit,1
ticket,1
attend,1
workshop,1
12th,1
Stir,2
Creativity,1
@ginexplorersclub,3
Bombay,3
Sapphire,3
Gin!,1
All,1
Comment,1
correct,1
answer,1
trivia,1
question,1
botanicals,1
making,1
fabulous,1
Gin,2
them?,1
Follow,1
@bombaysapphire,3
Get,2
#StirCreativity!,1
winner,1
selected,1
random,1
closes,1
Tuesday,1
8th,1
September,1
Giveaway,1
open,1
anyone,1
over,2
legal,1
drinking,1
age,1
25,1
4,1
Open,1
residents,1
#StirCreativity,3
#BombaySapphire,2
officially,1
Sold,1
Out,1
session,1
thanks,1
absolutely,1
fellow,1
ginthusiasts!,1
BUT!,1
news,1
kits,1
restaurants,1
cities,1
Here,1
Jaipur,1
Hilton,2
Marriott,3
Courtyard,1
Agra,1
Garden,1
Inn,1
St,1
Regis,1
Yauatcha,1
JW,1
Taj,1
Land's,1
End,1
Four,1
Seasons,1
KOKO,1
@haveli,1
official,1
pioneers,1
highway,1
favourite,1
stop,1
traditional,1
Known,1
they're,1
located,1
Jalandhar,1
Murthal,1
Amritsar,1
cannot,1
stopping,1
by!,1
paranthas,2
dal,2
makhani,2
kadhi,1
chole,1
wrong,1
They,2
taking,1
immense,1
precautions,1
following,2
measures,1
social,1
distancing,1
sanitisation,1
guest,1
areas,1
well,1
kitchens,1
temperature,1
checks,1
guests,1
staff,1
PS,1
Their,1
lassi,1
kadhai,1
paneer,1
must,1
try!,1
travel,1
overseas,1
cheap,1
book,1
wine,1
transportive,1
bottle,2
contains,1
bit,1
essence,1
birthplace,1
enjoying,1
faraway,1
land,2
feel,1
senses,1
trip,1
that'll,1
take,1
Nawabs,1
enjoyed,1
Dive,1
rich,1
flavors,1
zafrani,1
malai,1
kofta,1
mutton,1
rogan,1
josh,1
murgh,1
jhumka,1
kebabs,1
more!,1
car,1
delivered,1
complete,1
little,1
sneak,1
peak!,1
unboxing,1
within,1
kit,2
bringing,1
glimpse,1
fun,1
way!,1
Art,1
supplies,1
canvas,1
paints,1
brushes,1
works,1
Ingredients,1
cocktails,1
gin,1
infusion,1
Branded,1
goodies,1
Yayee!,1
What,1
need,1
bring,1
in?,1
creativity,1
join,1
fun!,1
Head,1
today!,1
@tipplingart,1
@aashanadhingra,1
No,1
likes,1
watery,1
bowl,3
noodles!,1
An,1
solution,1
this?,1
kettle,1
separate,1
water,2
boiling,1
When,1
drain,1
fish,1
Pour,1
second,1
starting,1
less,1
enjoy!,1
cold,1
apple,1
day!,1
Cider,1
syrup,1
replaces,1
sugar,1
lend,1
tasty,1
fall,1
drink,1
